Model,Accuracy,F1 Score
Random Forest,0.656441717791411,0.6617740933362355
